{
  "Id": "IntegrationStreamsSecretsManagerReadOnlyAccess",
  "Version": "2012-10-17",
  "Statement": [
    {
      "Sid": "IntegrationStreamsSecretsManagerReadOnlyAccess",
      "Action": [
        "secretsmanager:GetRandomPassword",
        "secretsmanager:GetResourcePolicy",
        "secretsmanager:GetSecretValue",
        "secretsmanager:DescribeSecret",
        "secretsmanager:ListSecrets",
        "secretsmanager:ListSecretVersionIds"
      ],
      "Effect": "Allow",
      "Resource": "*"
    }
  ]
}
